identifier,ups,User Engagement Ratio,upvote ratio,nummber of comments,title length
t3_18mv7m7,5,3.049226716104796e-05,0.86,9,62
t3_18mc27r,30,0.00018295360296628776,0.92,10,29
t3_18maoch,4,2.4393813728838365e-05,0.83,4,76
t3_18m44vz,1,6.098453432209591e-06,1.0,0,61
t3_18m1c02,4,2.4393813728838365e-05,0.76,12,115
t3_18m19b2,1,6.098453432209591e-06,1.0,1,43
t3_18ltck0,1,6.098453432209591e-06,1.0,0,40
t3_18lrcxv,97,0.0005915499829243304,0.81,128,25
t3_18l99zx,0,0.0,0.38,2,10
t3_18l5nvp,3,1.8295360296628775e-05,0.67,5,44
t3_18l0o7g,9,5.4886080889886324e-05,1.0,2,37
t3_18kzfau,6,3.659072059325755e-05,0.88,5,54
t3_18kvpdo,43,0.0002622334975850124,0.95,23,23
t3_18kq4d9,9,5.4886080889886324e-05,0.81,29,69
t3_18kpz45,7,4.268917402546714e-05,1.0,6,44
t3_18keyb5,9,5.4886080889886324e-05,0.86,10,55
t3_18k79k1,7,4.268917402546714e-05,1.0,6,39
t3_18k2yii,18,0.00010977216177977265,0.83,1,47
t3_18k184u,9,5.4886080889886324e-05,0.9,24,23
t3_18jwq28,0,0.0,0.25,3,62
t3_18jvivn,2,1.2196906864419183e-05,0.75,2,38
t3_18jtp96,5,3.049226716104796e-05,0.86,4,98
t3_18jh5ko,3,1.8295360296628775e-05,0.8,2,32
t3_18irqjh,8,4.878762745767673e-05,0.9,0,41
t3_18ilb65,8,4.878762745767673e-05,1.0,8,22
t3_18ih6db,10,6.098453432209592e-05,0.79,5,45
t3_18i7d93,8,4.878762745767673e-05,1.0,9,48
t3_18i5des,0,0.0,0.19,13,60
t3_18hm874,2,1.2196906864419183e-05,0.63,20,69
t3_18hisfd,0,0.0,0.29,3,2
t3_18hga21,24,0.0001463628823730302,1.0,0,80
t3_18hddoc,3,1.8295360296628775e-05,1.0,7,67
t3_18gqm41,57,0.00034761184563594674,0.89,30,57
t3_18gmgiu,8,4.878762745767673e-05,0.67,33,18
t3_18g4ed7,2,1.2196906864419183e-05,0.75,3,148
t3_18fzvbc,2,1.2196906864419183e-05,0.75,7,40
t3_18fz1am,14,8.537834805093429e-05,0.77,1,79
t3_18fj8zy,41,0.00025003659072059324,0.99,16,23
t3_18fhswj,15,9.147680148314388e-05,0.9,15,46
t3_18fchvy,6,3.659072059325755e-05,0.87,17,54
t3_18ekszp,1,6.098453432209591e-06,1.0,1,71
t3_18eilod,0,0.0,0.5,11,34
t3_18eabm4,366,0.0022320339561887107,0.96,14,1
t3_18e4bv7,2,1.2196906864419183e-05,0.75,7,52
t3_18duz05,0,0.0,0.21,6,22
t3_18diw38,12,7.31814411865151e-05,0.99,11,34
t3_18divyo,0,0.0,0.17,5,56
t3_18d8ne4,3,1.8295360296628775e-05,1.0,7,63
t3_18d489r,1,6.098453432209591e-06,1.0,5,19
t3_18d0vj4,2,1.2196906864419183e-05,1.0,4,52
t3_18d0cqb,4,2.4393813728838365e-05,0.84,2,54
t3_18ct3ps,11,6.70829877543055e-05,0.76,6,49
t3_18cspjq,1,6.098453432209591e-06,0.56,3,63
t3_18ck74l,1,6.098453432209591e-06,0.54,29,69
t3_18c9lo6,2,1.2196906864419183e-05,0.67,21,67
t3_18c9eqy,4,2.4393813728838365e-05,0.63,8,26
t3_18byau2,1,6.098453432209591e-06,1.0,7,47
t3_18bx9n8,12,7.31814411865151e-05,0.93,6,52
t3_18brh3o,2,1.2196906864419183e-05,0.75,12,48
t3_18bqsg4,3,1.8295360296628775e-05,1.0,0,69
t3_18bi8tf,2,1.2196906864419183e-05,1.0,9,43
t3_18bfqnu,272,0.0016587793335610089,0.93,2,10
t3_18beogi,3,1.8295360296628775e-05,1.0,2,90
t3_18b7p1l,33,0.00020124896326291652,1.0,27,73
t3_18b2c96,1,6.098453432209591e-06,1.0,3,87
t3_18b1nqj,210,0.0012806752207640143,0.94,12,18
t3_18ammai,2,1.2196906864419183e-05,0.63,8,157
t3_18amjqs,0,0.0,0.25,26,20
t3_18aeprf,153,0.0009330633751280675,0.85,50,13
t3_18a8cjv,3,1.8295360296628775e-05,1.0,9,91
t3_18a5i64,1,6.098453432209591e-06,0.6,6,59
t3_189z35z,0,0.0,0.38,20,62
t3_189uh4b,68,0.0004146948333902522,0.97,16,39
t3_189o9g0,1,6.098453432209591e-06,0.57,2,40
t3_18962r0,4,2.4393813728838365e-05,0.75,15,50
t3_1895fqc,14,8.537834805093429e-05,0.82,4,50
t3_188qfkl,0,0.0,0.4,0,31
t3_188k7k7,6,3.659072059325755e-05,0.99,18,43
t3_18802gt,5,3.049226716104796e-05,0.85,6,90
t3_187lttn,3,1.8295360296628775e-05,0.8,2,31
t3_187iy2a,1,6.098453432209591e-06,1.0,10,97
t3_187ij9d,1,6.098453432209591e-06,0.6,22,12
t3_187gezp,4,2.4393813728838365e-05,1.0,17,25
t3_187fnlc,1,6.098453432209591e-06,1.0,9,40
t3_187ecvt,7,4.268917402546714e-05,1.0,13,40
t3_1879pn7,5,3.049226716104796e-05,0.86,15,12
t3_186nnf7,1,6.098453432209591e-06,0.67,15,43
t3_186n5k5,1,6.098453432209591e-06,0.52,26,23
t3_186fhjf,8,4.878762745767673e-05,0.99,12,66
t3_185wdvs,10,6.098453432209592e-05,0.82,6,44
t3_185q5bs,10,6.098453432209592e-05,0.86,8,61
t3_185p99q,4,2.4393813728838365e-05,0.83,0,41
t3_185p546,0,0.0,0.2,0,37
t3_1858ewg,2,1.2196906864419183e-05,1.0,2,22
t3_18572fn,21,0.00012806752207640142,0.87,1,48
t3_1855auu,1,6.098453432209591e-06,0.67,4,45
t3_184gb3l,9,5.4886080889886324e-05,0.68,36,40
t3_184cbbq,6,3.659072059325755e-05,0.76,1,71
t3_184bkj3,1,6.098453432209591e-06,0.57,4,29
t3_18482kc,3,1.8295360296628775e-05,1.0,4,77
t3_183rq5l,2,1.2196906864419183e-05,0.67,4,67
t3_183l416,2,1.2196906864419183e-05,1.0,4,41
t3_183grnd,0,0.0,0.5,1,41
t3_183gjjq,47,0.0002866273113138508,0.96,5,18
t3_182xx8q,11,6.70829877543055e-05,0.69,4,33
t3_182t1ll,5,3.049226716104796e-05,0.78,1,66
t3_1825ps6,6,3.659072059325755e-05,0.8,9,49
t3_1825jij,12,7.31814411865151e-05,0.93,9,39
t3_18239k5,2,1.2196906864419183e-05,1.0,6,46
t3_181ujpq,4,2.4393813728838365e-05,0.75,0,15
t3_181h6d1,3,1.8295360296628775e-05,0.61,14,34
t3_181gfjy,2,1.2196906864419183e-05,1.0,0,46
t3_181e6kf,9,5.4886080889886324e-05,1.0,18,42
t3_18158i3,8,4.878762745767673e-05,0.91,2,40
t3_1812ab3,5,3.049226716104796e-05,0.86,7,29
t3_180f9jr,0,0.0,0.49,15,46
t3_180cqyl,1,6.098453432209591e-06,1.0,12,21
t3_180c18m,5,3.049226716104796e-05,1.0,2,51
t3_180aamr,4,2.4393813728838365e-05,1.0,8,73
t3_1804qgr,15,9.147680148314388e-05,1.0,32,13
t3_17zzcgc,8,4.878762745767673e-05,0.9,15,27
t3_17zwodn,3,1.8295360296628775e-05,1.0,13,57
t3_17znub0,0,0.0,0.41,1,30
t3_17z9nki,2,1.2196906864419183e-05,0.63,6,77
t3_17z4lvk,2,1.2196906864419183e-05,1.0,3,38
t3_17z0mwu,12,7.31814411865151e-05,0.93,8,66
t3_17yz8sd,12,7.31814411865151e-05,0.93,3,33
t3_17ytm04,107,0.0006525345172464263,0.98,11,47
t3_17yrf0o,3,1.8295360296628775e-05,1.0,3,43
t3_17y5f7l,8,4.878762745767673e-05,1.0,4,78
t3_17y2l2u,14,8.537834805093429e-05,0.86,12,42
t3_17xzeba,2,1.2196906864419183e-05,1.0,2,53
t3_17xp074,5,3.049226716104796e-05,0.73,16,37
t3_17xo14t,1,6.098453432209591e-06,0.6,5,52
t3_17xgt1o,3,1.8295360296628775e-05,1.0,2,22
t3_17xfid0,1,6.098453432209591e-06,0.6,1,18
t3_17xfh6a,93,0.000567156169195492,0.84,14,22
t3_17xc1c0,4,2.4393813728838365e-05,0.84,3,65
t3_17xb3zq,4,2.4393813728838365e-05,0.84,9,35
t3_17wsl0a,4,2.4393813728838365e-05,0.54,1,17
t3_17wsji3,0,0.0,0.37,31,88
t3_17wp3e5,6,3.659072059325755e-05,1.0,3,49
t3_17wolz3,3,1.8295360296628775e-05,1.0,3,54
t3_17w1hbl,3,1.8295360296628775e-05,1.0,5,21
t3_17vpwyw,2,1.2196906864419183e-05,0.75,5,83
t3_17vp220,3,1.8295360296628775e-05,1.0,5,46
t3_17vosem,3,1.8295360296628775e-05,1.0,5,53
t3_17vnl01,0,0.0,0.1,1,36
t3_17vnkc4,0,0.0,0.38,6,56
t3_17vm4i8,12,7.31814411865151e-05,0.73,4,57
t3_17v54q7,5,3.049226716104796e-05,0.65,0,100
t3_17v28e9,9,5.4886080889886324e-05,0.61,29,13
t3_17ulz1a,0,0.0,0.43,8,38
t3_17uhtju,1,6.098453432209591e-06,1.0,15,82
t3_17uay7l,84,0.0005122700883056057,1.0,4,20
t3_17uaf92,0,0.0,0.33,22,33
t3_17u9l7b,22,0.000134165975508611,0.93,5,22
t3_17u1e7m,8,4.878762745767673e-05,0.83,17,41
t3_17ti3qt,6,3.659072059325755e-05,1.0,9,65
t3_17thv15,0,0.0,0.33,11,31
t3_17t7xrr,5,3.049226716104796e-05,1.0,5,43
t3_17t0nx0,5,3.049226716104796e-05,0.78,11,31
t3_17sx7m8,0,0.0,0.5,4,49
t3_17sw4v5,14,8.537834805093429e-05,0.8,18,17
t3_17sd862,10,6.098453432209592e-05,0.92,12,78
t3_17sbvhe,5,3.049226716104796e-05,0.85,7,46
t3_17s9x0b,0,0.0,0.27,4,55
t3_17s0l3k,11,6.70829877543055e-05,0.92,8,20
t3_17rnt8m,2,1.2196906864419183e-05,0.67,1,30
t3_17rm32b,2,1.2196906864419183e-05,0.75,5,21
t3_17rlqal,4,2.4393813728838365e-05,0.75,21,47
t3_17rgh1m,0,0.0,0.17,1,59
t3_17rdq12,10,6.098453432209592e-05,0.73,76,33
t3_17r9rfa,27,0.00016465824266965898,0.89,14,34
t3_17qsc5s,12,7.31814411865151e-05,0.83,4,46
t3_17qgi5r,46,0.0002805288578816412,0.67,13,29
t3_17q78hz,0,0.0,0.37,47,36
t3_17q73os,2,1.2196906864419183e-05,1.0,5,59
t3_17q6isp,1,6.098453432209591e-06,1.0,5,54
t3_17pxyp5,0,0.0,0.29,41,45
t3_17pxtto,9,5.4886080889886324e-05,0.67,18,83
t3_17pxdvp,44,0.000268331951017222,0.83,154,11
t3_17pwta5,0,0.0,0.31,5,46
t3_17pqo23,3,1.8295360296628775e-05,1.0,4,56
t3_17peqfz,0,0.0,0.41,19,66
t3_17p5pna,25,0.0001524613358052398,0.81,8,21
t3_17p4j0b,1,6.098453432209591e-06,1.0,1,35
t3_17oz5rc,7,4.268917402546714e-05,1.0,4,24
t3_17odmhq,6,3.659072059325755e-05,0.8,12,66
t3_17obel9,1,6.098453432209591e-06,0.6,10,25
t3_17o9m1f,177,0.0010794262575010978,0.94,25,18
t3_17o27m4,3,1.8295360296628775e-05,0.8,3,22
t3_17o0en9,3,1.8295360296628775e-05,0.71,6,23
t3_17nrqfg,1,6.098453432209591e-06,0.52,11,47
t3_17nr61x,1,6.098453432209591e-06,0.56,7,38
t3_17nhyik,13,7.927989461872469e-05,0.79,3,51
t3_17nh4hp,1,6.098453432209591e-06,1.0,0,32
t3_17nb0cm,2,1.2196906864419183e-05,1.0,16,49
t3_17n1klj,25,0.0001524613358052398,0.75,13,146
t3_17n1h0q,16,9.757525491535346e-05,0.9,27,67
t3_17myvq4,5,3.049226716104796e-05,0.86,3,80
t3_17mxjet,2,1.2196906864419183e-05,1.0,3,26
t3_17muiy9,0,0.0,0.5,10,39
t3_17mrnzt,11,6.70829877543055e-05,0.79,11,56
t3_17m2af4,0,0.0,0.5,0,21
t3_17m0r8a,5,3.049226716104796e-05,1.0,14,57
t3_17lz6z3,22,0.000134165975508611,1.0,20,31
t3_17lf643,26,0.00015855978923744939,0.93,3,38
t3_17lf0ln,1,6.098453432209591e-06,1.0,2,40
t3_17l63ey,14,8.537834805093429e-05,0.8,12,48
t3_17l34ny,1,6.098453432209591e-06,0.67,2,118
t3_17l2wxm,5,3.049226716104796e-05,0.86,5,51
t3_17kx6u2,0,0.0,0.32,15,12
t3_17kpxsf,5,3.049226716104796e-05,1.0,3,52
t3_17kk42a,0,0.0,0.5,0,57
t3_17k8bz3,21,0.00012806752207640142,0.73,15,50
t3_17jkv50,20,0.00012196906864419184,0.76,31,19
t3_17jf1xc,0,0.0,0.43,2,58
t3_17jbf1h,2,1.2196906864419183e-05,1.0,2,32
t3_17j8d4a,25,0.0001524613358052398,0.74,10,47
t3_17j7hfa,12,7.31814411865151e-05,0.75,25,32
t3_17iwdcw,0,0.0,0.48,22,72
t3_17ittyh,3,1.8295360296628775e-05,0.72,8,10
t3_17itgbw,10,6.098453432209592e-05,1.0,2,61
t3_17it8ce,7,4.268917402546714e-05,0.9,3,73
t3_17ipbsm,11,6.70829877543055e-05,0.93,5,86
t3_17if43b,2,1.2196906864419183e-05,0.63,8,27
t3_17i9wmp,11,6.70829877543055e-05,1.0,21,36
t3_17i7x8r,32,0.00019515050983070692,0.86,78,35
t3_17hqebw,5,3.049226716104796e-05,0.78,16,30
t3_17hd6wn,4,2.4393813728838365e-05,0.84,5,65
t3_17hb8w0,0,0.0,0.31,8,48
t3_17gxe5f,10,6.098453432209592e-05,1.0,5,66
t3_17gl5xf,4,2.4393813728838365e-05,0.84,0,39
t3_17gj9r6,31,0.00018905205639849733,0.98,13,20
t3_17g8h4k,9,5.4886080889886324e-05,0.92,10,24
t3_17g3ree,2,1.2196906864419183e-05,1.0,5,110
t3_17g3bb9,3,1.8295360296628775e-05,1.0,5,32
t3_17fz9kh,19,0.00011587061521198224,0.95,28,64
t3_17fz4xm,4,2.4393813728838365e-05,0.84,5,27
t3_17ftai4,0,0.0,0.36,28,17
t3_17ffelc,48,0.0002927257647460604,0.96,55,45
t3_17fee5d,5,3.049226716104796e-05,0.86,8,27
t3_17fd9lo,10,6.098453432209592e-05,0.68,47,94
t3_17fazdl,1,6.098453432209591e-06,0.53,30,103
t3_17er4bt,10,6.098453432209592e-05,0.81,31,24
t3_17epukn,3,1.8295360296628775e-05,1.0,6,37
t3_17eff69,17,0.00010367370834756305,0.83,36,10
t3_17e27rg,0,0.0,0.24,50,20
t3_17dm0c0,2,1.2196906864419183e-05,1.0,2,62
t3_17dbo7p,6,3.659072059325755e-05,0.75,20,48
t3_17daljt,61,0.0003720056593647851,0.95,77,17
t3_17ctltb,0,0.0,0.48,12,50
t3_17cgsx5,54,0.00032931648533931796,0.82,14,76
t3_17ceeak,3,1.8295360296628775e-05,0.8,10,70
t3_17cdcqq,29,0.00017685514953407817,0.92,7,33
t3_17cd0yg,0,0.0,0.48,17,34
t3_17ccypm,1,6.098453432209591e-06,0.6,7,38
t3_17bys3z,24,0.0001463628823730302,0.84,29,175
t3_17blqes,49,0.00029882421817827,0.87,112,52
t3_17blgfl,0,0.0,0.2,0,35
t3_17bgafa,5,3.049226716104796e-05,1.0,25,44
t3_17bg6k3,1,6.098453432209591e-06,0.67,1,23
t3_17aese9,13,7.927989461872469e-05,0.94,11,55
t3_179ptnp,8,4.878762745767673e-05,1.0,10,66
t3_179htlu,1,6.098453432209591e-06,0.67,7,38
t3_1799i4m,5,3.049226716104796e-05,0.86,1,51
t3_1795juu,3,1.8295360296628775e-05,0.8,14,63
t3_178zp1u,4,2.4393813728838365e-05,1.0,6,27
t3_178xx2s,191,0.001164804605552032,0.85,89,148
t3_178xe15,2,1.2196906864419183e-05,0.67,3,34
t3_178esx8,6,3.659072059325755e-05,1.0,2,45
t3_178du8y,3,1.8295360296628775e-05,0.71,10,49
t3_178cp5w,0,0.0,0.46,9,40
t3_177swzv,74,0.0004512855539835098,0.95,29,50
t3_177sri8,0,0.0,0.4,8,11
t3_177rfqt,0,0.0,0.43,3,21
t3_17790gk,8,4.878762745767673e-05,0.62,16,20
t3_177634h,11,6.70829877543055e-05,0.87,24,65
t3_1774etn,13,7.927989461872469e-05,1.0,8,53
t3_176vvmk,2,1.2196906864419183e-05,1.0,0,16
t3_176ov0m,29,0.00017685514953407817,0.91,6,33
t3_176aee9,12,7.31814411865151e-05,0.88,13,62
t3_1760vdt,0,0.0,0.17,2,16
t3_1760eud,2,1.2196906864419183e-05,1.0,5,25
t3_1760dv1,54,0.00032931648533931796,0.98,15,47
t3_175g42x,1,6.098453432209591e-06,1.0,2,34
t3_175esoj,116,0.0007074205981363127,0.99,28,47
t3_174grmc,10,6.098453432209592e-05,0.78,15,44
t3_174fzw1,6,3.659072059325755e-05,0.87,22,52
t3_173qr27,11,6.70829877543055e-05,0.87,29,54
t3_173n51z,1,6.098453432209591e-06,0.67,2,50
t3_173lib0,0,0.0,0.3,7,58
t3_172fvqi,8,4.878762745767673e-05,0.9,8,34
t3_172bsyo,21,0.00012806752207640142,0.85,51,24
t3_172agcg,134,0.0008171927599160852,0.89,43,31
t3_17226po,1,6.098453432209591e-06,0.67,5,49
t3_171hxag,5,3.049226716104796e-05,1.0,2,50
t3_170y9is,6,3.659072059325755e-05,1.0,8,26
t3_170wbpc,6,3.659072059325755e-05,0.87,5,36
t3_170s1g3,111,0.0006769283309752647,0.88,23,48
t3_170citf,7,4.268917402546714e-05,0.83,12,66
t3_1702jd2,2,1.2196906864419183e-05,0.6,10,40
t3_17025i9,1,6.098453432209591e-06,0.67,2,42
t3_1701l33,26,0.00015855978923744939,0.86,3,14
t3_16zzgyt,0,0.0,0.29,0,97
t3_16zyick,2,1.2196906864419183e-05,0.75,5,79
t3_16zlzej,83,0.0005061716348733961,0.92,82,40
t3_16zemde,4,2.4393813728838365e-05,0.67,7,51
t3_16zd1eb,1,6.098453432209591e-06,1.0,6,31
t3_16yt3q0,0,0.0,0.4,5,35
t3_16yau0q,3,1.8295360296628775e-05,0.67,18,106
t3_16y1ady,3,1.8295360296628775e-05,0.71,23,39
t3_16xreup,0,0.0,0.3,8,21
t3_16xnrvy,0,0.0,0.5,8,27
t3_16xkkiz,60,0.0003659072059325755,0.97,15,46
t3_16xh6i6,21,0.00012806752207640142,0.69,45,17
t3_16x50cu,4,2.4393813728838365e-05,1.0,2,88
t3_16x3o9w,5,3.049226716104796e-05,0.86,8,19
t3_16wupdj,4,2.4393813728838365e-05,0.84,4,91
t3_16wg7zt,66,0.00040249792652583303,0.96,70,47
t3_16we86f,4,2.4393813728838365e-05,0.67,9,19
t3_16wc9kl,36,0.0002195443235595453,0.85,27,27
t3_16w9y0u,7,4.268917402546714e-05,1.0,3,72
t3_16w6yne,17,0.00010367370834756305,0.8,22,46
t3_16w4cg9,0,0.0,0.25,8,44
t3_16w3827,1,6.098453432209591e-06,1.0,3,54
t3_16vzw4w,1,6.098453432209591e-06,1.0,2,39
t3_16vqho2,0,0.0,0.5,18,19
t3_16vqe7x,24,0.0001463628823730302,0.93,13,20
t3_16vng9f,1,6.098453432209591e-06,0.67,9,36
t3_16vkxjz,2,1.2196906864419183e-05,0.57,30,107
t3_16vksjd,0,0.0,0.12,143,70
t3_16vhjja,6,3.659072059325755e-05,0.88,12,67
t3_16vfybq,0,0.0,0.4,5,113
t3_16uy0st,5,3.049226716104796e-05,0.73,6,68
t3_16uupi7,0,0.0,0.42,20,71
t3_16uu5rm,0,0.0,0.29,7,23
t3_16umye2,1,6.098453432209591e-06,1.0,11,76
t3_16ujt7a,189,0.001152607698687613,0.93,12,91
t3_16ug1s4,0,0.0,0.33,3,39
t3_16uczx4,3,1.8295360296628775e-05,1.0,8,49
t3_16ua8ey,2,1.2196906864419183e-05,1.0,14,29
t3_16tcmo0,12,7.31814411865151e-05,0.93,6,29
t3_16t97ts,34,0.0002073474166951261,0.93,37,17
t3_16sv7uu,22,0.000134165975508611,0.87,12,20
t3_16sl1z6,1,6.098453432209591e-06,0.67,6,33
t3_16sbpql,0,0.0,0.36,11,56
t3_16s8ja8,109,0.0006647314241108455,0.91,75,14
t3_16s0mkp,0,0.0,0.5,1,99
t3_16s0hk8,2,1.2196906864419183e-05,1.0,6,60
t3_16ry2xc,0,0.0,0.18,84,61
t3_16rvzue,11,6.70829877543055e-05,0.87,38,44
t3_16rpn4j,0,0.0,0.25,5,18
t3_16roilo,0,0.0,0.12,10,57
t3_16rjpw0,5,3.049226716104796e-05,0.73,0,49
t3_16r6frr,539,0.00328706639996097,0.88,59,1
t3_16r3fsg,7,4.268917402546714e-05,1.0,16,20
t3_16r35q1,6,3.659072059325755e-05,0.75,6,98
t3_16qwoze,26,0.00015855978923744939,0.88,5,88
t3_16qtdv0,20,0.00012196906864419184,0.92,9,33
t3_16qpcvg,0,0.0,0.25,1,37
t3_16qkouv,1,6.098453432209591e-06,1.0,3,98
t3_16qk5ao,25,0.0001524613358052398,0.8,4,32
t3_16qemib,3,1.8295360296628775e-05,1.0,2,42
t3_16qe3lx,3,1.8295360296628775e-05,0.71,8,51
t3_16q9bvg,22,0.000134165975508611,0.92,23,23
t3_16q8us4,5,3.049226716104796e-05,0.78,10,34
